Election Commission of In,"dia, General Elec","tions, 1985 (8th LOK SABHA)",""
CONSTITUENC,Y DATA, - SUMMARY,""
STATE/UT : ASSAM,"",CODE :,S03
CONSTITUENCY : KARIMGANJ (SC),"",NO :,1
"",MALE,FEMALE,TOTAL
I.  CANDIDATES,"","",""
1. NOMINATED,"","",""
2. REJECTED,"","",""
3. WITHDRAWN,"","",""
4. CONTESTED,6,1,7
5. FORFEITED DEPOSIT,4,1,5
II.  ELECTORS,"","",""
1. GENERAL,358814,318707,677521
2. SERVICE,0,0,0
3. TOTAL,358814,318707,677521
III.  ELECTORS WHO VOTED,"","",""
1. GENERAL,279364,233907,513271
2. POSTAL,0,0,0
3. TOTAL,279364,233907,513271
IV.  VOTES,"","",""
1. POLLED,513271,( 75.76%  of Total Electors),""
2. VALID,489669,"",""
3. REJECTED,23602,( 4.60%  of Total Votes Polled),""
4. MISSING,0,"",""
5. TENDERED,0,"",""
V.  POLLING STATIONS,"","",""
NUMBER : 945 AV,ERAGE ELE,CTORS PER POLLING S,TATION  : 399
VI.  DATES,"","",""
POLLING,COUNTING,DECLARATION O,F RESULT
16-12-1985,"","",""
VII. RESULT,"","",""
PARTY,CANDIDATE,"",VOTES
Winner: ICS,SUDARSAN DA,S,230823
Runner up  : INC,NIHAR RANJAN, LASKAR,156402
MARGIN: 74421 ( 15.20% of Total, Valid Votes ),"",""
(rptConstituencySummary - Page 1 of  27),"","",""
"",2,"",""


Election Commission of In,"dia, General Elec","tions, 1985 (8th LOK SABHA)",""
CONSTITUENC,Y DATA, - SUMMARY,""
STATE/UT : ASSAM,"",CODE :,S03
CONSTITUENCY : SILCHAR,"",NO :,2
"",MALE,FEMALE,TOTAL
I.  CANDIDATES,"","",""
1. NOMINATED,"","",""
2. REJECTED,"","",""
3. WITHDRAWN,"","",""
4. CONTESTED,7,1,8
5. FORFEITED DEPOSIT,5,1,6
II.  ELECTORS,"","",""
1. GENERAL,335716,289432,625148
2. SERVICE,0,0,0
3. TOTAL,335716,289432,625148
III.  ELECTORS WHO VOTED,"","",""
1. GENERAL,266830,206366,473196
2. POSTAL,0,0,0
3. TOTAL,266830,206366,473196
IV.  VOTES,"","",""
1. POLLED,473196,( 75.69%  of Total Electors),""
2. VALID,449662,"",""
3. REJECTED,23534,( 4.97%  of Total Votes Polled),""
4. MISSING,0,"",""
5. TENDERED,0,"",""
V.  POLLING STATIONS,"","",""
NUMBER : 836 AV,ERAGE ELE,CTORS PER POLLING S,TATION  : 747
VI.  DATES,"","",""
POLLING,COUNTING,DECLARATION O,F RESULT
16-12-1985,"","",""
VII. RESULT,"","",""
PARTY,CANDIDATE,"",VOTES
Winner: INC,SANTOSH MOH,AN DEV,219790
Runner up  : CPM,NOORUL HUDA,"",175711
MARGIN: 44079 ( 9.80% of Total, Valid Votes ),"",""
(rptConstituencySummary - Page 2 of  27),"","",""
"",3,"",""


Election Commission of In,"dia, General Elec","tions, 1985 (8th LOK SABHA)",""
CONSTITUENC,Y DATA, - SUMMARY,""
STATE/UT : ASSAM,"",CODE :,S03
CONSTITUENCY : AUTONOMOUS DISTRICT (,ST),NO :,3
"",MALE,FEMALE,TOTAL
I.  CANDIDATES,"","",""
1. NOMINATED,"","",""
2. REJECTED,"","",""
3. WITHDRAWN,"","",""
4. CONTESTED,4,1,5
5. FORFEITED DEPOSIT,1,1,2
II.  ELECTORS,"","",""
1. GENERAL,178337,152312,330649
2. SERVICE,0,0,0
3. TOTAL,178337,152312,330649
III.  ELECTORS WHO VOTED,"","",""
1. GENERAL,118127,102358,220485
2. POSTAL,0,0,0
3. TOTAL,118127,102358,220485
IV.  VOTES,"","",""
1. POLLED,220485,( 66.68%  of Total Electors),""
2. VALID,207149,"",""
3. REJECTED,13336,( 6.05%  of Total Votes Polled),""
4. MISSING,0,"",""
5. TENDERED,0,"",""
V.  POLLING STATIONS,"","",""
NUMBER : 558 AV,ERAGE ELE,CTORS PER POLLING S,TATION  : 592
VI.  DATES,"","",""
POLLING,COUNTING,DECLARATION O,F RESULT
16-12-1985,"","",""
VII. RESULT,"","",""
PARTY,CANDIDATE,"",VOTES
Winner: INC,BIREN SINGH E,NGTI,79183
Runner up  : IND,MANSING RAN,GPI,64632
MARGIN: 14551 ( 7.02% of Total, Valid Votes ),"",""
(rptConstituencySummary - Page 3 of  27),"","",""
"",4,"",""


Election Commission of In,"dia, General Elec","tions, 1985 (8th LOK SABHA)",""
CONSTITUENC,Y DATA, - SUMMARY,""
STATE/UT : ASSAM,"",CODE :,S03
CONSTITUENCY : DHUBRI,"",NO :,4
"",MALE,FEMALE,TOTAL
I.  CANDIDATES,"","",""
1. NOMINATED,"","",""
2. REJECTED,"","",""
3. WITHDRAWN,"","",""
4. CONTESTED,7,0,7
5. FORFEITED DEPOSIT,4,0,4
II.  ELECTORS,"","",""
1. GENERAL,389047,351811,740858
2. SERVICE,0,0,0
3. TOTAL,389047,351811,740858
III.  ELECTORS WHO VOTED,"","",""
1. GENERAL,338866,303981,642847
2. POSTAL,0,0,0
3. TOTAL,338866,303981,642847
IV.  VOTES,"","",""
1. POLLED,642847,( 86.77%  of Total Electors),""
2. VALID,617349,"",""
3. REJECTED,25498,( 3.97%  of Total Votes Polled),""
4. MISSING,0,"",""
5. TENDERED,0,"",""
V.  POLLING STATIONS,"","",""
NUMBER : 986 AV,ERAGE ELE,CTORS PER POLLING S,TATION  : 751
VI.  DATES,"","",""
POLLING,COUNTING,DECLARATION O,F RESULT
16-12-1985,"","",""
VII. RESULT,"","",""
PARTY,CANDIDATE,"",VOTES
Winner: IND,ABDUL HAMID,"",159945
Runner up  : INC,NURUL ISLAM,"",148127
MARGIN: 11818 ( 1.91% of Total, Valid Votes ),"",""
(rptConstituencySummary - Page 4 of  27),"","",""
"",5,"",""


Election Commission of In,"dia, General Elec","tions, 1985 (8th LOK SABHA)",""
CONSTITUENC,Y DATA, - SUMMARY,""
STATE/UT : ASSAM,"",CODE :,S03
CONSTITUENCY : KOKRAJHAR (ST),"",NO :,5
"",MALE,FEMALE,TOTAL
I.  CANDIDATES,"","",""
1. NOMINATED,"","",""
2. REJECTED,"","",""
3. WITHDRAWN,"","",""
4. CONTESTED,5,0,5
5. FORFEITED DEPOSIT,2,0,2
II.  ELECTORS,"","",""
1. GENERAL,401663,332295,733958
2. SERVICE,0,0,0
3. TOTAL,401663,332295,733958
III.  ELECTORS WHO VOTED,"","",""
1. GENERAL,348098,296122,644220
2. POSTAL,0,0,0
3. TOTAL,348098,296122,644220
IV.  VOTES,"","",""
1. POLLED,644220,( 87.77%  of Total Electors),""
2. VALID,614363,"",""
3. REJECTED,29857,( 4.63%  of Total Votes Polled),""
4. MISSING,0,"",""
5. TENDERED,0,"",""
V.  POLLING STATIONS,"","",""
NUMBER : 1168 AV,ERAGE ELE,CTORS PER POLLING S,TATION  : 628
VI.  DATES,"","",""
POLLING,COUNTING,DECLARATION O,F RESULT
16-12-1985,"","",""
VII. RESULT,"","",""
PARTY,CANDIDATE,"",VOTES
Winner: PTC,SAMAR BRAHM,A CHOUDHURY,184508
Runner up  : IND,PRASENJIT BRA,HMA,170744
MARGIN: 13764 ( 2.24% of Total, Valid Votes ),"",""
(rptConstituencySummary - Page 5 of  27),"","",""
"",6,"",""


Election Commission of In,"dia, General Elec","tions, 1985 (8th LOK SABHA)",""
CONSTITUENC,Y DATA, - SUMMARY,""
STATE/UT : ASSAM,"",CODE :,S03
CONSTITUENCY : BARPETA,"",NO :,6
"",MALE,FEMALE,TOTAL
I.  CANDIDATES,"","",""
1. NOMINATED,"","",""
2. REJECTED,"","",""
3. WITHDRAWN,"","",""
4. CONTESTED,6,0,6
5. FORFEITED DEPOSIT,4,0,4
II.  ELECTORS,"","",""
1. GENERAL,384920,346365,731285
2. SERVICE,0,0,0
3. TOTAL,384920,346365,731285
III.  ELECTORS WHO VOTED,"","",""
1. GENERAL,345943,305214,651157
2. POSTAL,0,0,0
3. TOTAL,345943,305214,651157
IV.  VOTES,"","",""
1. POLLED,651157,( 89.04%  of Total Electors),""
2. VALID,636586,"",""
3. REJECTED,14571,( 2.24%  of Total Votes Polled),""
4. MISSING,0,"",""
5. TENDERED,0,"",""
V.  POLLING STATIONS,"","",""
NUMBER : 1014 AV,ERAGE ELE,CTORS PER POLLING S,TATION  : 721
VI.  DATES,"","",""
POLLING,COUNTING,DECLARATION O,F RESULT
16-12-1985,"","",""
VII. RESULT,"","",""
PARTY,CANDIDATE,"",VOTES
Winner: IND,ATAUR RAHMA,N,282533
Runner up  : IND,SIRAJUL HOQU,E,226237
MARGIN: 56296 ( 8.84% of Total, Valid Votes ),"",""
(rptConstituencySummary - Page 6 of  27),"","",""
"",7,"",""


Election Commission of In,"dia, General Elec","tions, 1985 (8th LOK SABHA)",""
CONSTITUENC,Y DATA, - SUMMARY,""
STATE/UT : ASSAM,"",CODE :,S03
CONSTITUENCY : GAUHATI,"",NO :,7
"",MALE,FEMALE,TOTAL
I.  CANDIDATES,"","",""
1. NOMINATED,"","",""
2. REJECTED,"","",""
3. WITHDRAWN,"","",""
4. CONTESTED,8,0,8
5. FORFEITED DEPOSIT,6,0,6
II.  ELECTORS,"","",""
1. GENERAL,458482,416499,874981
2. SERVICE,0,0,0
3. TOTAL,458482,416499,874981
III.  ELECTORS WHO VOTED,"","",""
1. GENERAL,375839,344828,720667
2. POSTAL,0,0,0
3. TOTAL,375839,344828,720667
IV.  VOTES,"","",""
1. POLLED,720667,( 82.36%  of Total Electors),""
2. VALID,702508,"",""
3. REJECTED,18159,( 2.52%  of Total Votes Polled),""
4. MISSING,0,"",""
5. TENDERED,0,"",""
V.  POLLING STATIONS,"","",""
NUMBER : 1233 AV,ERAGE ELE,CTORS PER POLLING S,TATION  : 709
VI.  DATES,"","",""
POLLING,COUNTING,DECLARATION O,F RESULT
16-12-1985,"","",""
VII. RESULT,"","",""
PARTY,CANDIDATE,"",VOTES
Winner: IND,DINESH GOSW,AMI,428013
Runner up  : INC,BHAGABAN LA,HKAR,124507
MARGIN: 303506 ( 43.20% of Total, Valid Votes ),"",""
(rptConstituencySummary - Page 7 of  27),"","",""
"",8,"",""


Election Commission of In,"dia, General Elec","tions, 1985 (8th LOK SABHA)",""
CONSTITUENC,Y DATA, - SUMMARY,""
STATE/UT : ASSAM,"",CODE :,S03
CONSTITUENCY : MANGALDOI,"",NO :,8
"",MALE,FEMALE,TOTAL
I.  CANDIDATES,"","",""
1. NOMINATED,"","",""
2. REJECTED,"","",""
3. WITHDRAWN,"","",""
4. CONTESTED,10,0,10
5. FORFEITED DEPOSIT,8,0,8
II.  ELECTORS,"","",""
1. GENERAL,426025,361051,787076
2. SERVICE,0,0,0
3. TOTAL,426025,361051,787076
III.  ELECTORS WHO VOTED,"","",""
1. GENERAL,351213,299166,650379
2. POSTAL,0,0,0
3. TOTAL,351213,299166,650379
IV.  VOTES,"","",""
1. POLLED,650379,( 82.63%  of Total Electors),""
2. VALID,615571,"",""
3. REJECTED,34808,( 5.35%  of Total Votes Polled),""
4. MISSING,0,"",""
5. TENDERED,0,"",""
V.  POLLING STATIONS,"","",""
NUMBER : 1103 AV,ERAGE ELE,CTORS PER POLLING S,TATION  : 713
VI.  DATES,"","",""
POLLING,COUNTING,DECLARATION O,F RESULT
16-12-1985,"","",""
VII. RESULT,"","",""
PARTY,CANDIDATE,"",VOTES
Winner: IND,SAIFUDDIN AK,MED,282014
Runner up  : IND,IMRAN SHAH,"",136221
MARGIN: 145793 ( 23.68% of Total, Valid Votes ),"",""
(rptConstituencySummary - Page 8 of  27),"","",""
"",9,"",""


Election Commission of In,"dia, General Elec","tions, 1985 (8th LOK SABHA)",""
CONSTITUENC,Y DATA, - SUMMARY,""
STATE/UT : ASSAM,"",CODE :,S03
CONSTITUENCY : TEZPUR,"",NO :,9
"",MALE,FEMALE,TOTAL
I.  CANDIDATES,"","",""
1. NOMINATED,"","",""
2. REJECTED,"","",""
3. WITHDRAWN,"","",""
4. CONTESTED,8,0,8
5. FORFEITED DEPOSIT,6,0,6
II.  ELECTORS,"","",""
1. GENERAL,353949,318347,672296
2. SERVICE,0,0,0
3. TOTAL,353949,318347,672296
III.  ELECTORS WHO VOTED,"","",""
1. GENERAL,283333,254992,538325
2. POSTAL,0,0,0
3. TOTAL,283333,254992,538325
IV.  VOTES,"","",""
1. POLLED,538325,( 80.07%  of Total Electors),""
2. VALID,504167,"",""
3. REJECTED,34158,( 6.35%  of Total Votes Polled),""
4. MISSING,0,"",""
5. TENDERED,0,"",""
V.  POLLING STATIONS,"","",""
NUMBER : 916 AV,ERAGE ELE,CTORS PER POLLING S,TATION  : 733
VI.  DATES,"","",""
POLLING,COUNTING,DECLARATION O,F RESULT
16-12-1985,"","",""
VII. RESULT,"","",""
PARTY,CANDIDATE,"",VOTES
Winner: INC,BIPIN PAL DAS,"",159440
Runner up  : JNP,PURNA NARAY,AN SINHA,144643
MARGIN: 14797 ( 2.93% of Total, Valid Votes ),"",""
(rptConstituencySummary - Page 9 of  27),"","",""
"",10,"",""


Election Commission of In,"dia, General Elec","tions, 1985 (8th LOK SABHA)",""
CONSTITUENC,Y DATA, - SUMMARY,""
STATE/UT : ASSAM,"",CODE :,S03
CONSTITUENCY : NOWGONG,"",NO :,10
"",MALE,FEMALE,TOTAL
I.  CANDIDATES,"","",""
1. NOMINATED,"","",""
2. REJECTED,"","",""
3. WITHDRAWN,"","",""
4. CONTESTED,9,0,9
5. FORFEITED DEPOSIT,7,0,7
II.  ELECTORS,"","",""
1. GENERAL,416877,340790,757667
2. SERVICE,0,0,0
3. TOTAL,416877,340790,757667
III.  ELECTORS WHO VOTED,"","",""
1. GENERAL,336906,280697,617603
2. POSTAL,0,0,0
3. TOTAL,336906,280697,617603
IV.  VOTES,"","",""
1. POLLED,617603,( 81.51%  of Total Electors),""
2. VALID,593134,"",""
3. REJECTED,24469,( 3.96%  of Total Votes Polled),""
4. MISSING,0,"",""
5. TENDERED,0,"",""
V.  POLLING STATIONS,"","",""
NUMBER : 1058 AV,ERAGE ELE,CTORS PER POLLING S,TATION  : 716
VI.  DATES,"","",""
POLLING,COUNTING,DECLARATION O,F RESULT
16-12-1985,"","",""
VII. RESULT,"","",""
PARTY,CANDIDATE,"",VOTES
Winner: IND,MUHIRAM SAIK,IA,229377
Runner up  : IND,HAJI ABDUR R,OUF,193747
MARGIN: 35630 ( 6.01% of Total, Valid Votes ),"",""
(rptConstituencySummary - Page 10 of  27),"","",""
"",11,"",""


Election Commission of In,"dia, General Elec","tions, 1985 (8th LOK SABHA)",""
CONSTITUENC,Y DATA, - SUMMARY,""
STATE/UT : ASSAM,"",CODE :,S03
CONSTITUENCY : KALIABOR,"",NO :,11
"",MALE,FEMALE,TOTAL
I.  CANDIDATES,"","",""
1. NOMINATED,"","",""
2. REJECTED,"","",""
3. WITHDRAWN,"","",""
4. CONTESTED,10,0,10
5. FORFEITED DEPOSIT,7,0,7
II.  ELECTORS,"","",""
1. GENERAL,431057,362064,793121
2. SERVICE,0,0,0
3. TOTAL,431057,362064,793121
III.  ELECTORS WHO VOTED,"","",""
1. GENERAL,324809,280919,605728
2. POSTAL,0,0,0
3. TOTAL,324809,280919,605728
IV.  VOTES,"","",""
1. POLLED,605728,( 76.37%  of Total Electors),""
2. VALID,579280,"",""
3. REJECTED,26448,( 4.37%  of Total Votes Polled),""
4. MISSING,0,"",""
5. TENDERED,0,"",""
V.  POLLING STATIONS,"","",""
NUMBER : 1109 AV,ERAGE ELE,CTORS PER POLLING S,TATION  : 715
VI.  DATES,"","",""
POLLING,COUNTING,DECLARATION O,F RESULT
16-12-1985,"","",""
VII. RESULT,"","",""
PARTY,CANDIDATE,"",VOTES
Winner: IND,BHADRESWAR, TANTI,240647
Runner up  : INC,TARUN KUMAR, GOGOI,151647
MARGIN: 89000 ( 15.36% of Total, Valid Votes ),"",""
(rptConstituencySummary - Page 11 of  27),"","",""
"",12,"",""


Election Commission of In,"dia, General Elec","tions, 1985 (8th LOK SABHA)",""
CONSTITUENC,Y DATA, - SUMMARY,""
STATE/UT : ASSAM,"",CODE :,S03
CONSTITUENCY : JORHAT,"",NO :,12
"",MALE,FEMALE,TOTAL
I.  CANDIDATES,"","",""
1. NOMINATED,"","",""
2. REJECTED,"","",""
3. WITHDRAWN,"","",""
4. CONTESTED,4,1,5
5. FORFEITED DEPOSIT,2,1,3
II.  ELECTORS,"","",""
1. GENERAL,390165,336546,726711
2. SERVICE,0,0,0
3. TOTAL,390165,336546,726711
III.  ELECTORS WHO VOTED,"","",""
1. GENERAL,283533,241907,525440
2. POSTAL,0,0,0
3. TOTAL,283533,241907,525440
IV.  VOTES,"","",""
1. POLLED,525440,( 72.30%  of Total Electors),""
2. VALID,505149,"",""
3. REJECTED,20291,( 3.86%  of Total Votes Polled),""
4. MISSING,0,"",""
5. TENDERED,0,"",""
V.  POLLING STATIONS,"","",""
NUMBER : 990 AV,ERAGE ELE,CTORS PER POLLING S,TATION  : 734
VI.  DATES,"","",""
POLLING,COUNTING,DECLARATION O,F RESULT
16-12-1985,"","",""
VII. RESULT,"","",""
PARTY,CANDIDATE,"",VOTES
Winner: IND,PARAG CHALIH,A,288540
Runner up  : INC,BIJOY KRISHNA, HANDIQUE,189787
MARGIN: 98753 ( 19.55% of Total, Valid Votes ),"",""
(rptConstituencySummary - Page 12 of  27),"","",""
"",13,"",""


Election Commission of In,"dia, General Elec","tions, 1985 (8th LOK SABHA)",""
CONSTITUENC,Y DATA, - SUMMARY,""
STATE/UT : ASSAM,"",CODE :,S03
CONSTITUENCY : DIBRUGARH,"",NO :,13
"",MALE,FEMALE,TOTAL
I.  CANDIDATES,"","",""
1. NOMINATED,"","",""
2. REJECTED,"","",""
3. WITHDRAWN,"","",""
4. CONTESTED,8,0,8
5. FORFEITED DEPOSIT,6,0,6
II.  ELECTORS,"","",""
1. GENERAL,505695,413512,919207
2. SERVICE,0,0,0
3. TOTAL,505695,413512,919207
III.  ELECTORS WHO VOTED,"","",""
1. GENERAL,273930,206574,480504
2. POSTAL,0,0,0
3. TOTAL,273930,206574,480504
IV.  VOTES,"","",""
1. POLLED,480504,( 52.27%  of Total Electors),""
2. VALID,452402,"",""
3. REJECTED,28102,( 5.85%  of Total Votes Polled),""
4. MISSING,0,"",""
5. TENDERED,0,"",""
V.  POLLING STATIONS,"","",""
NUMBER : 921 AV,ERAGE ELE,CTORS PER POLLING S,TATION  : 998
VI.  DATES,"","",""
POLLING,COUNTING,DECLARATION O,F RESULT
16-12-1985,"","",""
VII. RESULT,"","",""
PARTY,CANDIDATE,"",VOTES
Winner: INC,HAREN BHUMJ,I,229263
Runner up  : IND,NAGEN SAIKIA,"",187208
MARGIN: 42055 ( 9.30% of Total, Valid Votes ),"",""
(rptConstituencySummary - Page 13 of  27),"","",""
"",14,"",""


Election Commission of In,"dia, General Elec","tions, 1985 (8th LOK SABHA)",""
CONSTITUENC,Y DATA, - SUMMARY,""
STATE/UT : ASSAM,"",CODE :,S03
CONSTITUENCY : LAKHIMPUR,"",NO :,14
"",MALE,FEMALE,TOTAL
I.  CANDIDATES,"","",""
1. NOMINATED,"","",""
2. REJECTED,"","",""
3. WITHDRAWN,"","",""
4. CONTESTED,10,0,10
5. FORFEITED DEPOSIT,9,0,9
II.  ELECTORS,"","",""
1. GENERAL,393546,333637,727183
2. SERVICE,0,0,0
3. TOTAL,393546,333637,727183
III.  ELECTORS WHO VOTED,"","",""
1. GENERAL,285947,245933,531880
2. POSTAL,0,0,0
3. TOTAL,285947,245933,531880
IV.  VOTES,"","",""
1. POLLED,531880,( 73.14%  of Total Electors),""
2. VALID,501246,"",""
3. REJECTED,30634,( 5.76%  of Total Votes Polled),""
4. MISSING,0,"",""
5. TENDERED,0,"",""
V.  POLLING STATIONS,"","",""
NUMBER : 992 AV,ERAGE ELE,CTORS PER POLLING S,TATION  : 733
VI.  DATES,"","",""
POLLING,COUNTING,DECLARATION O,F RESULT
16-12-1985,"","",""
VII. RESULT,"","",""
PARTY,CANDIDATE,"",VOTES
Winner: IND,GAKUL SAIKIA,"",251730
Runner up  : CPI,NAMESWAR PE,GU,81796
MARGIN: 169934 ( 33.90% of Total, Valid Votes ),"",""
(rptConstituencySummary - Page 14 of  27),"","",""
"",15,"",""


Election Commission of In,"dia, General Elec","tions, 1985 (8th LOK SABHA)",""
CONSTITUENC,Y DATA, - SUMMARY,""
STATE/UT : PUNJAB,"",CODE :,S19
CONSTITUENCY : GURDASPUR,"",NO :,1
"",MALE,FEMALE,TOTAL
I.  CANDIDATES,"","",""
1. NOMINATED,"","",""
2. REJECTED,"","",""
3. WITHDRAWN,"","",""
4. CONTESTED,4,1,5
5. FORFEITED DEPOSIT,2,0,2
II.  ELECTORS,"","",""
1. GENERAL,403326,350791,754117
2. SERVICE,0,0,0
3. TOTAL,403326,350791,754117
III.  ELECTORS WHO VOTED,"","",""
1. GENERAL,278127,235898,514025
2. POSTAL,0,0,0
3. TOTAL,278127,235898,514025
IV.  VOTES,"","",""
1. POLLED,514025,( 68.16%  of Total Electors),""
2. VALID,491854,"",""
3. REJECTED,22171,( 4.31%  of Total Votes Polled),""
4. MISSING,0,"",""
5. TENDERED,0,"",""
V.  POLLING STATIONS,"","",""
NUMBER : 958 AV,ERAGE ELE,CTORS PER POLLING S,TATION  : 787
VI.  DATES,"","",""
POLLING,COUNTING,DECLARATION O,F RESULT
25-09-1985,"","",""
VII. RESULT,"","",""
PARTY,CANDIDATE,"",VOTES
Winner: INC,SUKHBUNS KA,UR,186765
Runner up  : BJP,BALDEV PRAK,ASH,149088
MARGIN: 37677 ( 7.66% of Total, Valid Votes ),"",""
(rptConstituencySummary - Page 15 of  27),"","",""
"",16,"",""


Election Commission of In,"dia, General Elec","tions, 1985 (8th LOK SABHA)",""
CONSTITUENC,Y DATA, - SUMMARY,""
STATE/UT : PUNJAB,"",CODE :,S19
CONSTITUENCY : AMRITSAR,"",NO :,2
"",MALE,FEMALE,TOTAL
I.  CANDIDATES,"","",""
1. NOMINATED,"","",""
2. REJECTED,"","",""
3. WITHDRAWN,"","",""
4. CONTESTED,10,0,10
5. FORFEITED DEPOSIT,8,0,8
II.  ELECTORS,"","",""
1. GENERAL,458703,398654,857357
2. SERVICE,0,0,0
3. TOTAL,458703,398654,857357
III.  ELECTORS WHO VOTED,"","",""
1. GENERAL,283953,249766,533719
2. POSTAL,0,0,0
3. TOTAL,283953,249766,533719
IV.  VOTES,"","",""
1. POLLED,533719,( 62.25%  of Total Electors),""
2. VALID,508868,"",""
3. REJECTED,24851,( 4.66%  of Total Votes Polled),""
4. MISSING,0,"",""
5. TENDERED,0,"",""
V.  POLLING STATIONS,"","",""
NUMBER : 946 AV,ERAGE ELE,CTORS PER POLLING S,TATION  : 906
VI.  DATES,"","",""
POLLING,COUNTING,DECLARATION O,F RESULT
25-09-1985,"","",""
VII. RESULT,"","",""
PARTY,CANDIDATE,"",VOTES
Winner: INC,RAGHUNANDA,N LAL BHATIA,249303
Runner up  : JNP,KUSHPAL SING,H,144239
MARGIN: 105064 ( 20.65% of Total, Valid Votes ),"",""
(rptConstituencySummary - Page 16 of  27),"","",""
"",17,"",""


Election Commission of In,"dia, General Elec","tions, 1985 (8th LOK SABHA)",""
CONSTITUENC,Y DATA, - SUMMARY,""
STATE/UT : PUNJAB,"",CODE :,S19
CONSTITUENCY : TARN TARAN,"",NO :,3
"",MALE,FEMALE,TOTAL
I.  CANDIDATES,"","",""
1. NOMINATED,"","",""
2. REJECTED,"","",""
3. WITHDRAWN,"","",""
4. CONTESTED,4,0,4
5. FORFEITED DEPOSIT,2,0,2
II.  ELECTORS,"","",""
1. GENERAL,434413,376716,811129
2. SERVICE,0,0,0
3. TOTAL,434413,376716,811129
III.  ELECTORS WHO VOTED,"","",""
1. GENERAL,259299,218856,478155
2. POSTAL,0,0,0
3. TOTAL,259299,218856,478155
IV.  VOTES,"","",""
1. POLLED,478155,( 58.95%  of Total Electors),""
2. VALID,458463,"",""
3. REJECTED,19692,( 4.12%  of Total Votes Polled),""
4. MISSING,0,"",""
5. TENDERED,0,"",""
V.  POLLING STATIONS,"","",""
NUMBER : 927 AV,ERAGE ELE,CTORS PER POLLING S,TATION  : 875
VI.  DATES,"","",""
POLLING,COUNTING,DECLARATION O,F RESULT
25-09-1985,"","",""
VII. RESULT,"","",""
PARTY,CANDIDATE,"",VOTES
Winner: SAD,TARLOCHAN S,INGH TUR,253567
Runner up  : INC,HARBHAJAN S,INGH JAMARAI,189091
MARGIN: 64476 ( 14.06% of Total, Valid Votes ),"",""
(rptConstituencySummary - Page 17 of  27),"","",""
"",18,"",""


Election Commission of In,"dia, General Elec","tions, 1985 (8th LOK SABHA)",""
CONSTITUENC,Y DATA, - SUMMARY,""
STATE/UT : PUNJAB,"",CODE :,S19
CONSTITUENCY : JULLUNDUR,"",NO :,4
"",MALE,FEMALE,TOTAL
I.  CANDIDATES,"","",""
1. NOMINATED,"","",""
2. REJECTED,"","",""
3. WITHDRAWN,"","",""
4. CONTESTED,5,0,5
5. FORFEITED DEPOSIT,3,0,3
II.  ELECTORS,"","",""
1. GENERAL,398221,358891,757112
2. SERVICE,0,0,0
3. TOTAL,398221,358891,757112
III.  ELECTORS WHO VOTED,"","",""
1. GENERAL,260827,245483,506310
2. POSTAL,0,0,0
3. TOTAL,260827,245483,506310
IV.  VOTES,"","",""
1. POLLED,506310,( 66.87%  of Total Electors),""
2. VALID,489049,"",""
3. REJECTED,17261,( 3.41%  of Total Votes Polled),""
4. MISSING,0,"",""
5. TENDERED,0,"",""
V.  POLLING STATIONS,"","",""
NUMBER : 872 AV,ERAGE ELE,CTORS PER POLLING S,TATION  : 868
VI.  DATES,"","",""
POLLING,COUNTING,DECLARATION O,F RESULT
25-09-1985,"","",""
VII. RESULT,"","",""
PARTY,CANDIDATE,"",VOTES
Winner: INC,RAJINDER SING,H SPARROW,248276
Runner up  : SAD,PRITAM SINGH,"",178633
MARGIN: 69643 ( 14.24% of Total, Valid Votes ),"",""
(rptConstituencySummary - Page 18 of  27),"","",""
"",19,"",""


Election Commission of In,"dia, General Elec","tions, 1985 (8th LOK SABHA)",""
CONSTITUENC,Y DATA, - SUMMARY,""
STATE/UT : PUNJAB,"",CODE :,S19
CONSTITUENCY : PHILLAUR (SC),"",NO :,5
"",MALE,FEMALE,TOTAL
I.  CANDIDATES,"","",""
1. NOMINATED,"","",""
2. REJECTED,"","",""
3. WITHDRAWN,"","",""
4. CONTESTED,7,0,7
5. FORFEITED DEPOSIT,4,0,4
II.  ELECTORS,"","",""
1. GENERAL,450481,389901,840382
2. SERVICE,0,0,0
3. TOTAL,450481,389901,840382
III.  ELECTORS WHO VOTED,"","",""
1. GENERAL,302716,274989,577705
2. POSTAL,0,0,0
3. TOTAL,302716,274989,577705
IV.  VOTES,"","",""
1. POLLED,577705,( 68.74%  of Total Electors),""
2. VALID,549570,"",""
3. REJECTED,28135,( 4.87%  of Total Votes Polled),""
4. MISSING,0,"",""
5. TENDERED,0,"",""
V.  POLLING STATIONS,"","",""
NUMBER : 1046 AV,ERAGE ELE,CTORS PER POLLING S,TATION  : 803
VI.  DATES,"","",""
POLLING,COUNTING,DECLARATION O,F RESULT
25-09-1985,"","",""
VII. RESULT,"","",""
PARTY,CANDIDATE,"",VOTES
Winner: INC,SUNDER SINGH,"",213377
Runner up  : IND,DHARMA PAUL,"",146593
MARGIN: 66784 ( 12.15% of Total, Valid Votes ),"",""
(rptConstituencySummary - Page 19 of  27),"","",""
"",20,"",""


Election Commission of In,"dia, General Elec","tions, 1985 (8th LOK SABHA)",""
CONSTITUENC,Y DATA, - SUMMARY,""
STATE/UT : PUNJAB,"",CODE :,S19
CONSTITUENCY : HOSHIARPUR,"",NO :,6
"",MALE,FEMALE,TOTAL
I.  CANDIDATES,"","",""
1. NOMINATED,"","",""
2. REJECTED,"","",""
3. WITHDRAWN,"","",""
4. CONTESTED,7,0,7
5. FORFEITED DEPOSIT,5,0,5
II.  ELECTORS,"","",""
1. GENERAL,479878,300585,780463
2. SERVICE,0,0,0
3. TOTAL,479878,300585,780463
III.  ELECTORS WHO VOTED,"","",""
1. GENERAL,311615,207048,518663
2. POSTAL,0,0,0
3. TOTAL,311615,207048,518663
IV.  VOTES,"","",""
1. POLLED,518663,( 66.46%  of Total Electors),""
2. VALID,496308,"",""
3. REJECTED,22355,( 4.31%  of Total Votes Polled),""
4. MISSING,0,"",""
5. TENDERED,0,"",""
V.  POLLING STATIONS,"","",""
NUMBER : 927 AV,ERAGE ELE,CTORS PER POLLING S,TATION  : 841
VI.  DATES,"","",""
POLLING,COUNTING,DECLARATION O,F RESULT
25-09-1985,"","",""
VII. RESULT,"","",""
PARTY,CANDIDATE,"",VOTES
Winner: INC,KAMAL CHUDH,ARY,237753
Runner up  : SAD,KABAL SINGH,"",161050
MARGIN: 76703 ( 15.45% of Total, Valid Votes ),"",""
(rptConstituencySummary - Page 20 of  27),"","",""
"",21,"",""


Election Commission of In,"dia, General Elec","tions, 1985 (8th LOK SABHA)",""
CONSTITUENC,Y DATA, - SUMMARY,""
STATE/UT : PUNJAB,"",CODE :,S19
CONSTITUENCY : ROPAR (SC),"",NO :,7
"",MALE,FEMALE,TOTAL
I.  CANDIDATES,"","",""
1. NOMINATED,"","",""
2. REJECTED,"","",""
3. WITHDRAWN,"","",""
4. CONTESTED,4,0,4
5. FORFEITED DEPOSIT,2,0,2
II.  ELECTORS,"","",""
1. GENERAL,488578,377622,866200
2. SERVICE,0,0,0
3. TOTAL,488578,377622,866200
III.  ELECTORS WHO VOTED,"","",""
1. GENERAL,373804,270867,644671
2. POSTAL,0,0,0
3. TOTAL,373804,270867,644671
IV.  VOTES,"","",""
1. POLLED,644671,( 74.43%  of Total Electors),""
2. VALID,623371,"",""
3. REJECTED,21300,( 3.30%  of Total Votes Polled),""
4. MISSING,0,"",""
5. TENDERED,0,"",""
V.  POLLING STATIONS,"","",""
NUMBER : 1058 AV,ERAGE ELE,CTORS PER POLLING S,TATION  : 818
VI.  DATES,"","",""
POLLING,COUNTING,DECLARATION O,F RESULT
25-09-1985,"","",""
VII. RESULT,"","",""
PARTY,CANDIDATE,"",VOTES
Winner: SAD,CHARANJIT SIN,GH,336503
Runner up  : INC,RAJA SINGH,"",262098
MARGIN: 74405 ( 11.94% of Total, Valid Votes ),"",""
(rptConstituencySummary - Page 21 of  27),"","",""
"",22,"",""


Election Commission of In,"dia, General Elec","tions, 1985 (8th LOK SABHA)",""
CONSTITUENC,Y DATA, - SUMMARY,""
STATE/UT : PUNJAB,"",CODE :,S19
CONSTITUENCY : PATIALA,"",NO :,8
"",MALE,FEMALE,TOTAL
I.  CANDIDATES,"","",""
1. NOMINATED,"","",""
2. REJECTED,"","",""
3. WITHDRAWN,"","",""
4. CONTESTED,5,1,6
5. FORFEITED DEPOSIT,4,0,4
II.  ELECTORS,"","",""
1. GENERAL,458162,366424,824586
2. SERVICE,0,0,0
3. TOTAL,458162,366424,824586
III.  ELECTORS WHO VOTED,"","",""
1. GENERAL,323462,269462,592924
2. POSTAL,0,0,0
3. TOTAL,323462,269462,592924
IV.  VOTES,"","",""
1. POLLED,592924,( 71.91%  of Total Electors),""
2. VALID,564779,"",""
3. REJECTED,28145,( 4.75%  of Total Votes Polled),""
4. MISSING,0,"",""
5. TENDERED,0,"",""
V.  POLLING STATIONS,"","",""
NUMBER : 961 AV,ERAGE ELE,CTORS PER POLLING S,TATION  : 858
VI.  DATES,"","",""
POLLING,COUNTING,DECLARATION O,F RESULT
25-09-1985,"","",""
VII. RESULT,"","",""
PARTY,CANDIDATE,"",VOTES
Winner: SAD,CHARANJIT SIN,GH,254302
Runner up  : INC,AMARJIT KAUR,"",234034
MARGIN: 20268 ( 3.59% of Total, Valid Votes ),"",""
(rptConstituencySummary - Page 22 of  27),"","",""
"",23,"",""


Election Commission of In,"dia, General Elec","tions, 1985 (8th LOK SABHA)",""
CONSTITUENC,Y DATA, - SUMMARY,""
STATE/UT : PUNJAB,"",CODE :,S19
CONSTITUENCY : LUDHIANA,"",NO :,9
"",MALE,FEMALE,TOTAL
I.  CANDIDATES,"","",""
1. NOMINATED,"","",""
2. REJECTED,"","",""
3. WITHDRAWN,"","",""
4. CONTESTED,5,0,5
5. FORFEITED DEPOSIT,3,0,3
II.  ELECTORS,"","",""
1. GENERAL,493361,423002,916363
2. SERVICE,0,0,0
3. TOTAL,493361,423002,916363
III.  ELECTORS WHO VOTED,"","",""
1. GENERAL,326305,260852,587157
2. POSTAL,0,0,0
3. TOTAL,326305,260852,587157
IV.  VOTES,"","",""
1. POLLED,587157,( 64.07%  of Total Electors),""
2. VALID,566776,"",""
3. REJECTED,20381,( 3.47%  of Total Votes Polled),""
4. MISSING,0,"",""
5. TENDERED,0,"",""
V.  POLLING STATIONS,"","",""
NUMBER : 1102 AV,ERAGE ELE,CTORS PER POLLING S,TATION  : 831
VI.  DATES,"","",""
POLLING,COUNTING,DECLARATION O,F RESULT
25-09-1985,"","",""
VII. RESULT,"","",""
PARTY,CANDIDATE,"",VOTES
Winner: SAD,MEWA SINGH,"",273352
Runner up  : INC,JOGINDER PAL,I PANDEY,273212
MARGIN: 140 ( 0.02% of Total, Valid Votes ),"",""
(rptConstituencySummary - Page 23 of  27),"","",""
"",24,"",""


Election Commission of In,"dia, General Elec","tions, 1985 (8th LOK SABHA)",""
CONSTITUENC,Y DATA, - SUMMARY,""
STATE/UT : PUNJAB,"",CODE :,S19
CONSTITUENCY : SANGRUR,"",NO :,10
"",MALE,FEMALE,TOTAL
I.  CANDIDATES,"","",""
1. NOMINATED,"","",""
2. REJECTED,"","",""
3. WITHDRAWN,"","",""
4. CONTESTED,5,0,5
5. FORFEITED DEPOSIT,3,0,3
II.  ELECTORS,"","",""
1. GENERAL,434063,359430,793493
2. SERVICE,0,0,0
3. TOTAL,434063,359430,793493
III.  ELECTORS WHO VOTED,"","",""
1. GENERAL,312300,249912,562212
2. POSTAL,0,0,0
3. TOTAL,312300,249912,562212
IV.  VOTES,"","",""
1. POLLED,562212,( 70.85%  of Total Electors),""
2. VALID,540764,"",""
3. REJECTED,21448,( 3.81%  of Total Votes Polled),""
4. MISSING,0,"",""
5. TENDERED,0,"",""
V.  POLLING STATIONS,"","",""
NUMBER : 931 AV,ERAGE ELE,CTORS PER POLLING S,TATION  : 852
VI.  DATES,"","",""
POLLING,COUNTING,DECLARATION O,F RESULT
25-09-1985,"","",""
VII. RESULT,"","",""
PARTY,CANDIDATE,"",VOTES
Winner: SAD,BALWANT SIN,GH RAMUWALIA,288208
Runner up  : INC,HARDEV SINGH,"",165539
MARGIN: 122669 ( 22.68% of Total, Valid Votes ),"",""
(rptConstituencySummary - Page 24 of  27),"","",""
"",25,"",""


Election Commission of In,"dia, General Elec","tions, 1985 (8th LOK SABHA)",""
CONSTITUENC,Y DATA, - SUMMARY,""
STATE/UT : PUNJAB,"",CODE :,S19
CONSTITUENCY : BHATINDA (SC),"",NO :,11
"",MALE,FEMALE,TOTAL
I.  CANDIDATES,"","",""
1. NOMINATED,"","",""
2. REJECTED,"","",""
3. WITHDRAWN,"","",""
4. CONTESTED,5,1,6
5. FORFEITED DEPOSIT,2,1,3
II.  ELECTORS,"","",""
1. GENERAL,458470,383535,842005
2. SERVICE,0,0,0
3. TOTAL,458470,383535,842005
III.  ELECTORS WHO VOTED,"","",""
1. GENERAL,328950,263889,592839
2. POSTAL,0,0,0
3. TOTAL,328950,263889,592839
IV.  VOTES,"","",""
1. POLLED,592839,( 70.41%  of Total Electors),""
2. VALID,565588,"",""
3. REJECTED,27251,( 4.60%  of Total Votes Polled),""
4. MISSING,0,"",""
5. TENDERED,0,"",""
V.  POLLING STATIONS,"","",""
NUMBER : 971 AV,ERAGE ELE,CTORS PER POLLING S,TATION  : 867
VI.  DATES,"","",""
POLLING,COUNTING,DECLARATION O,F RESULT
25-09-1985,"","",""
VII. RESULT,"","",""
PARTY,CANDIDATE,"",VOTES
Winner: SAD,TEJA SINGH DA,RDI,260222
Runner up  : INC,TARA SINGH,"",176838
MARGIN: 83384 ( 14.74% of Total, Valid Votes ),"",""
(rptConstituencySummary - Page 25 of  27),"","",""
"",26,"",""


Election Commission of In,"dia, General Elec","tions, 1985 (8th LOK SABHA)",""
CONSTITUENC,Y DATA, - SUMMARY,""
STATE/UT : PUNJAB,"",CODE :,S19
CONSTITUENCY : FARIDKOT,"",NO :,12
"",MALE,FEMALE,TOTAL
I.  CANDIDATES,"","",""
1. NOMINATED,"","",""
2. REJECTED,"","",""
3. WITHDRAWN,"","",""
4. CONTESTED,2,2,4
5. FORFEITED DEPOSIT,1,1,2
II.  ELECTORS,"","",""
1. GENERAL,466917,381976,848893
2. SERVICE,0,0,0
3. TOTAL,466917,381976,848893
III.  ELECTORS WHO VOTED,"","",""
1. GENERAL,316919,229385,546304
2. POSTAL,0,0,0
3. TOTAL,316919,229385,546304
IV.  VOTES,"","",""
1. POLLED,546304,( 64.35%  of Total Electors),""
2. VALID,524959,"",""
3. REJECTED,21345,( 3.91%  of Total Votes Polled),""
4. MISSING,0,"",""
5. TENDERED,0,"",""
V.  POLLING STATIONS,"","",""
NUMBER : 1072 AV,ERAGE ELE,CTORS PER POLLING S,TATION  : 791
VI.  DATES,"","",""
POLLING,COUNTING,DECLARATION O,F RESULT
25-09-1985,"","",""
VII. RESULT,"","",""
PARTY,CANDIDATE,"",VOTES
Winner: SAD,SHAMINDER SI,NGH,268221
Runner up  : INC,KANWALJIT KA,UR,232968
MARGIN: 35253 ( 6.72% of Total, Valid Votes ),"",""
(rptConstituencySummary - Page 26 of  27),"","",""
"",27,"",""


Election Commission of In,"dia, General Elec","tions, 1985 (8th LOK SABHA)",""
CONSTITUENC,Y DATA, - SUMMARY,""
STATE/UT : PUNJAB,"",CODE :,S19
CONSTITUENCY : FEROZEPUR,"",NO :,13
"",MALE,FEMALE,TOTAL
I.  CANDIDATES,"","",""
1. NOMINATED,"","",""
2. REJECTED,"","",""
3. WITHDRAWN,"","",""
4. CONTESTED,6,0,6
5. FORFEITED DEPOSIT,3,0,3
II.  ELECTORS,"","",""
1. GENERAL,460891,384073,844964
2. SERVICE,0,0,0
3. TOTAL,460891,384073,844964
III.  ELECTORS WHO VOTED,"","",""
1. GENERAL,325872,251818,577690
2. POSTAL,0,0,0
3. TOTAL,325872,251818,577690
IV.  VOTES,"","",""
1. POLLED,577690,( 68.37%  of Total Electors),""
2. VALID,552541,"",""
3. REJECTED,25149,( 4.35%  of Total Votes Polled),""
4. MISSING,0,"",""
5. TENDERED,0,"",""
V.  POLLING STATIONS,"","",""
NUMBER : 946 AV,ERAGE ELE,CTORS PER POLLING S,TATION  : 893
VI.  DATES,"","",""
POLLING,COUNTING,DECLARATION O,F RESULT
25-09-1985,"","",""
VII. RESULT,"","",""
PARTY,CANDIDATE,"",VOTES
Winner: INC,GURDIAL SING,H DHILLON,209835
Runner up  : SAD,INDERJIT SING,H,166479
MARGIN: 43356 ( 7.85% of Total, Valid Votes ),"",""
(rptConstituencySummary - Page 27 of  27),"","",""
"",28,"",""


